nama_produk,text,label,gold_label,match_key,group_key,label_id,kb_label,kb_binary_label,kb_confidence,kb_allergen_categories,kb_matched_terms,kb_evidence_methods,_product_key_v5,audit_text_norm_v5,audit_text_hash_v5,leakage_component_id,prob_unsafe,predicted_label,gold_binary,kb_binary,model_binary,error_triage
alba cheese,"susu, garam, rennet dari yeast kluyveromyces lactis kultur starter (streptococcus thermophilus, lactobacillus delbrueckki subsp bulgaricus. Mengandung alergen",unsafe,unsafe,alba cheese,alba cheese,1,unsafe,1,1.0,Dairy,susu,exact/synonym,alba cheese,"susu, garam, rennet dari yeast kluyveromyces lactis kultur starter (streptococcus thermophilus, lactobacillus delbrueckki subsp bulgaricus. mengandung alergen",6bb71b7ffb4237c0212eccdb696f9df5ffda6bdba4af0627e49e0b8551c951de,0,0.07426221668720245,safe,1,1,0,KB_CORRECT_MODEL_FALSE_NEGATIVE
almond cookies,"Tepung Terigu, Gula Kristal, Air, Kacang Almond (8%), Mentega Tawar,
Mentega, Garam, Susu Evaporasi.",unsafe,unsafe,almond cookies,almond cookies,1,unsafe,1,1.0,Dairy;Gluten;Tree Nut,tepung terigu;mentega;kacang almond,exact/synonym;exact/synonym;exact/synonym,almond cookies,"tepung terigu, gula kristal, air, kacang almond (8%), mentega tawar, mentega, garam, susu evaporasi.",3e16ca52d435be9694da0d4ee1e56f46fef76cd5dd750d9b182cc9df8f5acada,1,0.996991753578186,unsafe,1,1,1,GOLD_CORRECT_KB_CORRECT_MODEL_CORRECT
anchor cheese,"Susu (75%) dan Krim
Pasteurisasi, Garam, Penstabil (Gom
Guar, Gom Kacang Lokus) dan Kultur
Bakteri Starter. Mengandung
alergen: susu. Simpan pada suhu
2-4? dan tidak beku.",unsafe,unsafe,anchor cheese,anchor cheese,1,unsafe,1,1.0,Dairy,susu,exact/synonym,anchor cheese,"susu (75%) dan krim pasteurisasi, garam, penstabil (gom guar, gom kacang lokus) dan kultur bakteri starter. mengandung alergen: susu. simpan pada suhu 2-4 dan tidak beku.",dbbd7ba41225d9b1d2f212c60526a3fcc5deeaf937ba303d5395751a9b605753,2,0.742885947227478,unsafe,1,1,1,GOLD_CORRECT_KB_CORRECT_MODEL_CORRECT
astor chocolate,"Gula, Tepung Terigu, Minyak Nabati (Minyak Kelapa dan Minyak Sawit (mengandung Antioksidan BHA)), Susu Bubuk, Kakao Bubuk, Tepung Tapioka, Kacang Mede, Maltodekstrin, Pengemulsi (Lesitin Kedelai), Pewarna Alami Karamel IV (E150d), Garam, Perisai Sintetik, Pengembang. Mengandung alergen lihat daftar yang dicetak tebal.",unsafe,unsafe,astor chocolate,astor chocolate,1,unsafe,1,1.0,Dairy;Gluten;Soy;Tree Nut,tepung terigu;susu bubuk;lesitin kedelai;kacang mede,exact/synonym;exact/synonym;exact/synonym;exact/synonym,astor chocolate,"gula, tepung terigu, minyak nabati (minyak kelapa dan minyak sawit (mengandung antioksidan bha)), susu bubuk, kakao bubuk, tepung tapioka, kacang mede, maltodekstrin, pengemulsi (lesitin kedelai), pewarna alami karamel iv (e150d), garam, perisai sintetik, pengembang. mengandung alergen lihat daftar yang dicetak tebal.",72a4fff0b3cceec91b010e510b564369840ebd0ee952e79521ff31cd856ff621,3,0.9874342679977417,unsafe,1,1,1,GOLD_CORRECT_KB_CORRECT_MODEL_CORRECT
bakso ikan bernardi,"Daging Ikan (69%), AIR, Pati Tapiola Termodifikasi, Garam, Pengemulsi, Fosfat, Pengawet Kalium Sorbat, Antioksidan Natrium Ebitorbat. Mengandung Alergen, Lihat daftar bahan yang dicetak tebal. Diproduksi menggunakan peralatan yang juga memproses kedelai, crustacea, wijen, telur, susu & gandum.",unsafe,unsafe,bakso ikan bernardi,bakso ikan bernardi,1,unsafe,1,1.0,Crustacean;Dairy;Egg;Fish;Gluten;Sesame;Soy,gandum;susu;telur;kedelai;ikan;crustacea;wijen,exact/synonym;exact/synonym;exact/synonym;exact/synonym;exact/synonym;exact/synonym;exact/synonym,bakso ikan bernardi,"daging ikan (69%), air, pati tapiola termodifikasi, garam, pengemulsi, fosfat, pengawet kalium sorbat, antioksidan natrium ebitorbat. mengandung alergen, lihat daftar bahan yang dicetak tebal. diproduksi menggunakan peralatan yang juga memproses kedelai, crustacea, wijen, telur, susu gandum.",75427aeda2a30bc2733b1180f6797c0794d850f7eb8f5fe99792da398d4e3671,4,0.996627926826477,unsafe,1,1,1,GOLD_CORRECT_KB_CORRECT_MODEL_CORRECT
bakso sapi karawaci,"Daging Sapi (70%), Es Batu, Tepung Tapioka (Mengandung Pengawet Sulfit), Garam, Penguat Rasa Mononatrium Glutamat, Lada Putih, Bawang Putih, Penstabil Fosfat, Pengawet Kalium Sorbat.",safe,safe,bakso sapi karawaci,bakso sapi karawaci,0,unsafe,1,0.95,,,,bakso sapi karawaci,"daging sapi (70%), es batu, tepung tapioka (mengandung pengawet sulfit), garam, penguat rasa mononatrium glutamat, lada putih, bawang putih, penstabil fosfat, pengawet kalium sorbat.",654d438f2a7137ed70c20ecd63ecf1ac4fbc96836d2a110a3b65bb014c0e0c7a,5,0.01044231653213501,safe,0,1,0,KB_FALSE_POSITIVE_MODEL_CORRECT
basreng super,"Ikan Segar, Tapioka, Garam, Bawang Merah, Bawang Putih",safe,safe,basreng super,basreng super,0,unsafe,1,1.0,Fish,ikan,exact/synonym,basreng super,"ikan segar, tapioka, garam, bawang merah, bawang putih",d318ed31ed34981bd74e604aae268a3c1d973e68a507f8605a41f667f83418da,6,0.7836006283760071,unsafe,0,1,1,KB_FALSE_POSITIVE_MODEL_FALSE_POSITIVE
beng beng maxx,"Glukosa, Lemak Nabati (mengandung Antioksidan BHA), Gula, Tepung Terigu, Susu Bubuk, Maltodekstrin,
Krispi Beras, Kakao Massa, Lemak Kakao, Lemak Susu, Pemanis Alami Sorbitol, Krimer Nabati, Pengemulsi (Lesitin Kedelai), Garam, Pengembang, Pensa Sintetik. Mengandung alergen, Iihat pada daftar bahan yang dicetak tebal. Konsumsi berlebihan dapat mempunyai efek laksatif.",unsafe,unsafe,beng beng maxx,beng beng maxx,1,unsafe,1,1.0,Dairy;Gluten;Soy,tepung terigu;susu bubuk;lesitin kedelai,exact/synonym;exact/synonym;exact/synonym,beng beng maxx,"glukosa, lemak nabati (mengandung antioksidan bha), gula, tepung terigu, susu bubuk, maltodekstrin, krispi beras, kakao massa, lemak kakao, lemak susu, pemanis alami sorbitol, krimer nabati, pengemulsi (lesitin kedelai), garam, pengembang, pensa sintetik. mengandung alergen, iihat pada daftar bahan yang dicetak tebal. konsumsi berlebihan dapat mempunyai efek laksatif.",39e8b69a1733363bc1e908cfdfdbb6cac4ddbf14cc3d67958c0ee81a36099200,7,0.9333494305610657,unsafe,1,1,1,GOLD_CORRECT_KB_CORRECT_MODEL_CORRECT
bihunku rasa ayam bawang,"Bihun : Pati Jagung, Beras, Pati Tapioka, Pengemulsi Nabati, Pengental Nabati, Penstabil Fosfat. Bumbu : Garam, Gula, Bumbu Ayam Bawang (Mengandung Penguat Rasa Mononatrium Glutamat, Dinatrium 5-ribonukleotida, Hidrolisat
Protein Nabati, Antioksidan Tokoferol, Askorbil Palmitat, dan Asam Askorbat), Penguat Rasa (Mononatrium Glutamat. Dinatrium Inosinat dan Guanilat), Ayam Bubuk, Bawang Merah Bubuk, Bawang Putih Bubuk. Daun Bawang Kering, Lada Bubuk, Daun Seledri Kering. Minyak Bumbu : Minyak Nabati, Bumbu Bawang, Antioksidan TBHQ.
Cabe Bubuk",unsafe,unsafe,bihunku rasa ayam bawang,bihunku rasa ayam bawang,1,safe,0,0.0,,,,bihunku rasa ayam bawang,"bihun : pati jagung, beras, pati tapioka, pengemulsi nabati, pengental nabati, penstabil fosfat. bumbu : garam, gula, bumbu ayam bawang (mengandung penguat rasa mononatrium glutamat, dinatrium 5-ribonukleotida, hidrolisat protein nabati, antioksidan tokoferol, askorbil palmitat, dan asam askorbat), penguat rasa (mononatrium glutamat. dinatrium inosinat dan guanilat), ayam bubuk, bawang merah bubuk, bawang putih bubuk. daun bawang kering, lada bubuk, daun seledri kering. minyak bumbu : minyak nabati, bumbu bawang, antioksidan tbhq. cabe bubuk",4882ffc3186137291768e9344e4bad439a2a540662f58749eb1cc2ece1d311d0,8,0.9916862845420837,unsafe,1,0,1,KB_FALSE_NEGATIVE_MODEL_CORRECT
bihunku rasa soto,"Bihun : Pati Jagung, Beras, Pati Tapioka, Pengemulsi Nabati, Pengental Nabati, Penstabil Fosfat.
Bumbu : Garam, Gula, Bumbu Rasa Soto (Mengandung Hidrolisat Protein Nabati, Antioksidan Tokoferol), Penguat Rasa (Mononatrium Glutamat, Dinatrium Inosinat dan Guanilat), Ayam Bubuk. Bawang Putih Bubuk. Bawang Merah Bubuk, Daun Bawang Kering, Lada Bubuk, Daun Seledri Kering.
Minyak Bumbu : Minyak Nabati, Bumbu, Antioksidan TBHQ.
Cabe Bubuk",safe,safe,bihunku rasa soto,bihunku rasa soto,0,safe,0,0.0,,,,bihunku rasa soto,"bihun : pati jagung, beras, pati tapioka, pengemulsi nabati, pengental nabati, penstabil fosfat. bumbu : garam, gula, bumbu rasa soto (mengandung hidrolisat protein nabati, antioksidan tokoferol), penguat rasa (mononatrium glutamat, dinatrium inosinat dan guanilat), ayam bubuk. bawang putih bubuk. bawang merah bubuk, daun bawang kering, lada bubuk, daun seledri kering. minyak bumbu : minyak nabati, bumbu, antioksidan tbhq. cabe bubuk",bef2eb0bc18847781b7be3feb57c3ff5eba18759493f8728c525ebe17a06dca8,9,0.9978709816932678,unsafe,0,0,1,KB_CORRECT_MODEL_FALSE_POSITIVE
biokul greek yoghurt,"Air, Konsentrat Susu, Buttermilk Bubuk,  Krim Susu. Pati Modifikasi, Penstabil (Nabati, Gelatin Sapi), Kultur Yogurt (S. thermophilus, L. bulgaricus,
L. acidophilus, Bifidobacterium). ",unsafe,unsafe,biokul greek yoghurt,biokul greek yoghurt,1,unsafe,1,1.0,Dairy,yogurt,exact/synonym,biokul greek yoghurt,"air, konsentrat susu, buttermilk bubuk, krim susu. pati modifikasi, penstabil (nabati, gelatin sapi), kultur yogurt (s. thermophilus, l. bulgaricus, l. acidophilus, bifidobacterium).",98d07e59523ff8832a311668a1653855760152da11989405da21069b38076871,10,0.9966093301773071,unsafe,1,1,1,GOLD_CORRECT_KB_CORRECT_MODEL_CORRECT
biokul yoghurt bluberi,"Yogurt (95.75%) (Mengandung Susu (26.35%). Kultur Bakteri (S. thermophilus. L. bulgaricus. L. acidophilus, Bifidobacterium)). Buah
Blueberi (1.95%). Gula, Air, Perisa Sintetik, Penstabil Nabati dan Hewani, Pengatur Keasaman (Asam Sitrat), Penstabil Nabati.",unsafe,unsafe,biokul yoghurt bluberi,biokul yoghurt bluberi,1,unsafe,1,1.0,Dairy,yogurt,exact/synonym,biokul yoghurt bluberi,"yogurt (95.75%) (mengandung susu (26.35%). kultur bakteri (s. thermophilus. l. bulgaricus. l. acidophilus, bifidobacterium)). buah blueberi (1.95%). gula, air, perisa sintetik, penstabil nabati dan hewani, pengatur keasaman (asam sitrat), penstabil nabati.",44ed0063fcb9f6533f2ae92e2bc8c8e35555a0f4a84311328d8a22e838753158,11,0.5138104557991028,unsafe,1,1,1,GOLD_CORRECT_KB_CORRECT_MODEL_CORRECT
biokul yoghurt jeruk,"Yogurt (80%) (Mengandung Susu (26,35%). Kultur Bakteri (S. thermophilus. L. bulgaricus. L. acidophilus, Bifidobacterium)). Aprikot Olahan (10%) (Mengandung Potongan Aprikot (18%)), Air, Gula, Potongan Persik (1%), Perisa Sintetik. Penstabil Nabati. ",unsafe,unsafe,biokul yoghurt jeruk,biokul yoghurt jeruk,1,unsafe,1,1.0,Dairy,yogurt,exact/synonym,biokul yoghurt jeruk,"yogurt (80%) (mengandung susu (26,35%). kultur bakteri (s. thermophilus. l. bulgaricus. l. acidophilus, bifidobacterium)). aprikot olahan (10%) (mengandung potongan aprikot (18%)), air, gula, potongan persik (1%), perisa sintetik. penstabil nabati.",c8a283edc663583e9dd563b089e53baa17ae0224eb46fed913370bc447fb09b5,12,0.9565895795822144,unsafe,1,1,1,GOLD_CORRECT_KB_CORRECT_MODEL_CORRECT
biokul yoghurt ori,"Air, Susu Sapi (25%), Susu Skim Bubuk. Konsentrat Susu, Gula, Buah Blueberi (3.5%), Pati modifikasi, Penstabil (Nabati, Gelatin Sapi). Perisa Sintetik Blueberi, Pengatur Keasaman
Asam Sitrat, Kultur Yogurt (S. thermophilus, L. bulgaricus,
L. acidophilus. Bifidobacterium).",unsafe,unsafe,biokul yoghurt ori,biokul yoghurt ori,1,unsafe,1,1.0,Dairy,yogurt,exact/synonym,biokul yoghurt ori,"air, susu sapi (25%), susu skim bubuk. konsentrat susu, gula, buah blueberi (3.5%), pati modifikasi, penstabil (nabati, gelatin sapi). perisa sintetik blueberi, pengatur keasaman asam sitrat, kultur yogurt (s. thermophilus, l. bulgaricus, l. acidophilus. bifidobacterium).",774e14cb59cc25f3751b1a6074c225be1d835454986367837fbba479a27ad0c5,13,0.995868980884552,unsafe,1,1,1,GOLD_CORRECT_KB_CORRECT_MODEL_CORRECT
biokul yoghurt stroberi,"Yogurt (90,90%) (Mengandung Susu (26,35%). Kultur Bakteri (S. thermophilus. L. bulgaricus. L. acidophilus, Bifidobacterium)). Air, Buah Stroberi (3,24%), Gula, Pengatur Keasaman Asam Sitrat, Penstabil Nabati, Perisa Sintetik Stroberi, Pewarna Sintetik (Karmoisin CI No. 14720)",unsafe,unsafe,biokul yoghurt stroberi,biokul yoghurt stroberi,1,unsafe,1,1.0,Dairy,yogurt,exact/synonym,biokul yoghurt stroberi,"yogurt (90,90%) (mengandung susu (26,35%). kultur bakteri (s. thermophilus. l. bulgaricus. l. acidophilus, bifidobacterium)). air, buah stroberi (3,24%), gula, pengatur keasaman asam sitrat, penstabil nabati, perisa sintetik stroberi, pewarna sintetik (karmoisin ci no. 14720)",6e959bad9cdb7ddcb6e894ed2d307ebad63dd91c1be84c39eb3bf9602ff1251c,14,0.9955979585647583,unsafe,1,1,1,GOLD_CORRECT_KB_CORRECT_MODEL_CORRECT
biskuit lapis cokelat binch,"Cokelat 59%. (mengandung susu. kacang almond, kacang tanah), tepung gandum, temak reroti (mengandung antioksidan tokoferol). susu bubuk,  sirup gula invert, mentega penqembang amonium hidrogen karbonat dan natrium hidrogen karbonat, garam, whey protein. pengemulsi lesitin kedelai, campuran ragi, perisa sintetik. pengatur keasaman asam sitrat, bahan penolong enzim protease.
Menqandunq alergen, lihat daftar yang dicetak tebat.",unsafe,unsafe,biskuit lapis cokelat binch,biskuit lapis cokelat binch,1,unsafe,1,1.0,Dairy;Gluten;Soy;Tree Nut,tepung gandum;susu bubuk;lesitin kedelai;kacang almond,exact/synonym;exact/synonym;exact/synonym;exact/synonym,biskuit lapis cokelat binch,"cokelat 59%. (mengandung susu. kacang almond, kacang tanah), tepung gandum, temak reroti (mengandung antioksidan tokoferol). susu bubuk, sirup gula invert, mentega penqembang amonium hidrogen karbonat dan natrium hidrogen karbonat, garam, whey protein. pengemulsi lesitin kedelai, campuran ragi, perisa sintetik. pengatur keasaman asam sitrat, bahan penolong enzim protease. menqandunq alergen, lihat daftar yang dicetak tebat.",8625c4eb69557f8e262396b4957a8dd03146187e72a2492d2f1ddfa7076f116b,15,0.9719575643539429,unsafe,1,1,1,GOLD_CORRECT_KB_CORRECT_MODEL_CORRECT
blastoz bites,"Gula, Pengganti Lemak Kakao, Tepung Terigu, Maltodekstrin, Sirup Glukosa, Krispi Beras (7%), Whey Bubuk, Lemak Reroti Nabati (Mengandung Antioksidan Askorbil Palmitat & Tokoferol), Kakao Bubuk (4.3%), Kalsium Karbonat, Sirup
Fruktosa, Dekstrosa, Susu Bubuk Full Cream, Humektan (Gliserin), Krimer
(Mengandung Kasein & Pewarna Alami Beta-Karoten (Sintetik) CI. No. 40800),
Pengemulsi Lesitin Kedelai, Garam, Minyak Nabati (Mengandung Antioksidan TBHQ), Ekstrak Malt, Perisa Sintetik, Kakao Massa (0.11%),  Pewama Alami Karamel Kelas IV, Pengental Nabati. Mengandung alergen, lihat daftar bahan yang dicetak tebal.",unsafe,unsafe,blastoz bites,blastoz bites,1,unsafe,1,1.0,Dairy;Gluten;Soy,tepung terigu;susu bubuk;lesitin kedelai,exact/synonym;exact/synonym;exact/synonym,blastoz bites,"gula, pengganti lemak kakao, tepung terigu, maltodekstrin, sirup glukosa, krispi beras (7%), whey bubuk, lemak reroti nabati (mengandung antioksidan askorbil palmitat tokoferol), kakao bubuk (4.3%), kalsium karbonat, sirup fruktosa, dekstrosa, susu bubuk full cream, humektan (gliserin), krimer (mengandung kasein pewarna alami beta-karoten (sintetik) ci. no. 40800), pengemulsi lesitin kedelai, garam, minyak nabati (mengandung antioksidan tbhq), ekstrak malt, perisa sintetik, kakao massa (0.11%), pewama alami karamel kelas iv, pengental nabati. mengandung alergen, lihat daftar bahan yang dicetak tebal.",9529d402a800b91c5be9493f99b65dc4ab74f9978db09fa9ef3280bb09476b57,16,0.9957138299942017,unsafe,1,1,1,GOLD_CORRECT_KB_CORRECT_MODEL_CORRECT
boncabe makaroni krispi level 15,"Makaroni. Bumbu Pedas Level 15 (Cabai Bubuk, Bawang Merah Goreng, Garam, Gula Kastor, Mononatrium Glutamat,  Minyak Nabati, Bawang Putih Bubuk, Bawang Bombai Bubuk, Dinatrium 5'-
Inosinat, Dinatrium 5'-Guanilat, Ekstrak Ragi), Minyak Nabati.
Alergen Mengandung alergen, lihat daftar bahan yang dicetak tebal. Diproduksi menggunakan peralatan yang juga memproses : Susu, Seledri, Kacana Kedelai, Ikan, Krustasea.",safe,safe,boncabe makaroni krispi level 15,boncabe makaroni krispi level 15,0,unsafe,1,1.0,Crustacean;Dairy;Fish;Soy,susu;kedelai;ikan;krustasea,exact/synonym;exact/synonym;exact/synonym;exact/synonym,boncabe makaroni krispi level 15,"makaroni. bumbu pedas level 15 (cabai bubuk, bawang merah goreng, garam, gula kastor, mononatrium glutamat, minyak nabati, bawang putih bubuk, bawang bombai bubuk, dinatrium 5 - inosinat, dinatrium 5 -guanilat, ekstrak ragi), minyak nabati. alergen mengandung alergen, lihat daftar bahan yang dicetak tebal. diproduksi menggunakan peralatan yang juga memproses : susu, seledri, kacana kedelai, ikan, krustasea.",30624ebf766566657981bb7fbbac8bab88e3b6e3df02746408532ff901d3fc62,17,0.010199195705354214,safe,0,1,0,KB_FALSE_POSITIVE_MODEL_CORRECT
bourbon botter cookies,"Tepung Gandum (48%), Gula Pasir, Lemak Reroti, Margarin (mengandung susu), Mentega (3%) (mengandung
susu sapi), Kelapa, Telur, Susu Skim, Garam, Perisa Alami, Pengembang Natrium Hidrogen karbonat, Minyak Nabati, Pengemulsi Lesitin Kedelai, Pemrna Alami Beta-Karoten (Sintetik) Cl No.40800 ""Mengandung alergen, Lihat daftar bahan yang dicetak tebal""",unsafe,unsafe,bourbon botter cookies,bourbon botter cookies,1,unsafe,1,1.0,Dairy;Egg;Gluten;Soy,tepung gandum;mentega;telur;lesitin kedelai,exact/synonym;exact/synonym;exact/synonym;exact/synonym,bourbon botter cookies,"tepung gandum (48%), gula pasir, lemak reroti, margarin (mengandung susu), mentega (3%) (mengandung susu sapi), kelapa, telur, susu skim, garam, perisa alami, pengembang natrium hidrogen karbonat, minyak nabati, pengemulsi lesitin kedelai, pemrna alami beta-karoten (sintetik) cl no.40800 mengandung alergen, lihat daftar bahan yang dicetak tebal",4d76ecbf901718db1fd5babe7dcd6be782cfc12fc5615927649d985eaebd89d9,18,0.9964169263839722,unsafe,1,1,1,GOLD_CORRECT_KB_CORRECT_MODEL_CORRECT
bourbon choco&coffee biscuits,"Tepung Gandum (47.36%), Gula Pasir, Lemak Reroti, Minyak Nabati, Susu Bubuk, Lembaga Gandum (1.89%), Kakao bubuk (1.16%), Pengembang Natrium Hidrogen Karbonat, Ekstrak Malt, Glukosa, Garam, Kopi (0.5611%), Kakao massa, Whey Bubuk, Pengemulsi Lesitin Kedelai, Pewarna Alami Ekstrak Anato CI No. 75210, Perisa Alami  ""Mengandung alergen, Lihat daftar bahan yang dicetak tebal""",unsafe,unsafe,bourbon choco coffee biscuits,bourbon choco coffee biscuits,1,unsafe,1,1.0,Dairy;Gluten;Soy,tepung gandum;susu bubuk;lesitin kedelai,exact/synonym;exact/synonym;exact/synonym,bourbon choco&coffee biscuits,"tepung gandum (47.36%), gula pasir, lemak reroti, minyak nabati, susu bubuk, lembaga gandum (1.89%), kakao bubuk (1.16%), pengembang natrium hidrogen karbonat, ekstrak malt, glukosa, garam, kopi (0.5611%), kakao massa, whey bubuk, pengemulsi lesitin kedelai, pewarna alami ekstrak anato ci no. 75210, perisa alami mengandung alergen, lihat daftar bahan yang dicetak tebal",39849321cc28fee829f443ca459f0cc9fb1dba906c27b3fd0e2455030d264615,19,0.9914590716362,unsafe,1,1,1,GOLD_CORRECT_KB_CORRECT_MODEL_CORRECT
brook farm chocolate milk,"Susu Sapi Segar (92,60%), Gula, Susu Sapi Skim Segar (3%), Cokelat Bubuk (1%), Penstabil Nabati TANPA PEWARNA SINTETIK DAN
PENGAWET",unsafe,unsafe,brook farm chocolate milk,brook farm chocolate milk,1,unsafe,1,1.0,Dairy,susu,exact/synonym,brook farm chocolate milk,"susu sapi segar (92,60%), gula, susu sapi skim segar (3%), cokelat bubuk (1%), penstabil nabati tanpa pewarna sintetik dan pengawet",741dfe23f6a8adb79abf2866820bcc3c95b11ea14b8eab5f0d94967d0305a6d3,20,0.9959936141967773,unsafe,1,1,1,GOLD_CORRECT_KB_CORRECT_MODEL_CORRECT
brook farm fresh milk,Susu Sapi Segar (100%) TANPA PEWARNA SINTETIK DAN PENGAWET,unsafe,unsafe,brook farm fresh milk,brook farm fresh milk,1,unsafe,1,1.0,Dairy,susu,exact/synonym,brook farm fresh milk,susu sapi segar (100%) tanpa pewarna sintetik dan pengawet,b64f94ae3b781e7abb741438832debb6cb9c2b7217562a6b591f9e99e0e42c91,21,0.9103808403015137,unsafe,1,1,1,GOLD_CORRECT_KB_CORRECT_MODEL_CORRECT
brook farm low-fat milk,"Susu Sapi Segar (40%), Air, Susu Skim Segar (20%) TANPA PEWARNA SINTETIK DAN PENGAWET",unsafe,unsafe,brook farm low fat milk,brook farm low fat milk,1,unsafe,1,1.0,Dairy,susu,exact/synonym,brook farm low-fat milk,"susu sapi segar (40%), air, susu skim segar (20%) tanpa pewarna sintetik dan pengawet",bd1186060ac57ffde3a91f5f0f9925979f71ee2ee3886eab84afc52dfd0ad997,22,0.9964756965637207,unsafe,1,1,1,GOLD_CORRECT_KB_CORRECT_MODEL_CORRECT
brook farm strawberry milk,"Susu Sapi Segar (94,67%), Gula, Sirup Stroberi (2,5%) (Mengandung Jus Stroberi (24%)), Penstabil Nabati, Perisa Sintetik, Pewarna Merah Allura CI No. 16035 TANPA PENGAWET",unsafe,unsafe,brook farm strawberry milk,brook farm strawberry milk,1,unsafe,1,1.0,Dairy,susu,exact/synonym,brook farm strawberry milk,"susu sapi segar (94,67%), gula, sirup stroberi (2,5%) (mengandung jus stroberi (24%)), penstabil nabati, perisa sintetik, pewarna merah allura ci no. 16035 tanpa pengawet",986e67d1bf895a45716a2eb87d7411f5a958eb14d4ba8e647b38b83c7fdbc9a5,23,0.9969059824943542,unsafe,1,1,1,GOLD_CORRECT_KB_CORRECT_MODEL_CORRECT
bumbu sup udon higashimaru udon soup,"Usukuchi kecap bubuk, garam, gula, dekstrosa, protein kedelai, daun bawang, ikan bonito bubuk, kelp, penguat rasa mononatrium glutamat, pewama alami karamel IV. Mengandung alergen,
lihat daftar bahan yan dicetak tebal",unsafe,unsafe,bumbu sup udon higashimaru udon soup,bumbu sup udon higashimaru udon soup,1,unsafe,1,1.0,Fish;Soy,kedelai;ikan,exact/synonym;exact/synonym,bumbu sup udon higashimaru udon soup,"usukuchi kecap bubuk, garam, gula, dekstrosa, protein kedelai, daun bawang, ikan bonito bubuk, kelp, penguat rasa mononatrium glutamat, pewama alami karamel iv. mengandung alergen, lihat daftar bahan yan dicetak tebal",bd78689cf5f5dea88153c75f82ae67cda05a90fefbc5cbbb53884da6215d1adc,24,0.9946632385253906,unsafe,1,1,1,GOLD_CORRECT_KB_CORRECT_MODEL_CORRECT
bumifood ebi furai,"Udang 50%, Tepung Roti (Mengandung Tepung Terigu, Antioksidan Asam Askorbat, Perisa Alami Paprika), Tepung Batter (Mengandung Gandum, Penguat Rasa Mononatrium Glutamat), Tepung Terigu, Bumbu, Garam, Gula, Penguat Rasa Mononatrium Glutamat.",unsafe,unsafe,bumifood ebi furai,bumifood ebi furai,1,unsafe,1,1.0,Crustacean;Gluten,tepung terigu;udang,exact/synonym;exact/synonym,bumifood ebi furai,"udang 50%, tepung roti (mengandung tepung terigu, antioksidan asam askorbat, perisa alami paprika), tepung batter (mengandung gandum, penguat rasa mononatrium glutamat), tepung terigu, bumbu, garam, gula, penguat rasa mononatrium glutamat.",2b39f8cfbfa7c738b719a8a02b15542d6f522bb3a154c146407c2da8a9411177,25,0.9975042343139648,unsafe,1,1,1,GOLD_CORRECT_KB_CORRECT_MODEL_CORRECT
bumifood seafood platter,"Ikan Patin (22.8%), Tepung Roti (Mengandung Terigu), Air, Tepung Batter, Udang (11.67%) Cumi-Cumi (7.5%), Bawang Bombay (6.76%), Penguat Rasa Mononatrium Glutamat, Garam, Gula, Bawang Putih Bubuk, Lada.",unsafe,unsafe,bumifood seafood platter,bumifood seafood platter,1,unsafe,1,1.0,Crustacean;Fish;Gluten,terigu;ikan;udang,exact/synonym;exact/synonym;exact/synonym,bumifood seafood platter,"ikan patin (22.8%), tepung roti (mengandung terigu), air, tepung batter, udang (11.67%) cumi-cumi (7.5%), bawang bombay (6.76%), penguat rasa mononatrium glutamat, garam, gula, bawang putih bubuk, lada.",eb67d984d74a101d71e6bedc5cfa55d4c3c4b07c68f42148e6eb234d2555b382,26,0.9949743151664734,unsafe,1,1,1,GOLD_CORRECT_KB_CORRECT_MODEL_CORRECT
"bumifood shrimp, squid & fish mini wonton","kulit lumpia (mengandung terigu), udang (13%), cumi-cumi (13%), surimi (daging ikan) (12%), soun, air, tepung tapioka, minyak kelapa sawit, garam, bumbu (mengandung penguat rasa mononatrium glutamat), gula (mengandung pengawet sulfit < 0.05 ppm), minyak wijen, bawang daun (0,9%), penguat rasa mononatrium glutamat, pengemulsi dinatrium difosfat.",unsafe,unsafe,bumifood shrimp squid fish mini wonton,bumifood shrimp squid fish mini wonton,1,unsafe,1,1.0,Crustacean;Fish;Gluten;Sesame,terigu;ikan;udang;wijen,exact/synonym;exact/synonym;exact/synonym;exact/synonym,"bumifood shrimp, squid & fish mini wonton","kulit lumpia (mengandung terigu), udang (13%), cumi-cumi (13%), surimi (daging ikan) (12%), soun, air, tepung tapioka, minyak kelapa sawit, garam, bumbu (mengandung penguat rasa mononatrium glutamat), gula (mengandung pengawet sulfit 0.05 ppm), minyak wijen, bawang daun (0,9%), penguat rasa mononatrium glutamat, pengemulsi dinatrium difosfat.",4c88a792eb748ecf3e43505e35de4ac7a935c3fdd02f5cd55818ebb3b95fa438,27,0.9950773119926453,unsafe,1,1,1,GOLD_CORRECT_KB_CORRECT_MODEL_CORRECT
butter cookies,"Tepung Terigu, Mentega (24.27%), Gula, Telur, Kelapa Parut, Pengembang
(Amonium Bikarbonat dan
Natrium Bikarbonat), Sirup Glukosa, Garam, Kismis, Perisa Sintetik Vanila. ""Mengandung Alergen, Lihat daftar bahan yang dicetak tebal""",unsafe,unsafe,butter cookies,butter cookies,1,unsafe,1,1.0,Dairy;Egg;Gluten,tepung terigu;mentega;telur,exact/synonym;exact/synonym;exact/synonym,butter cookies,"tepung terigu, mentega (24.27%), gula, telur, kelapa parut, pengembang (amonium bikarbonat dan natrium bikarbonat), sirup glukosa, garam, kismis, perisa sintetik vanila. mengandung alergen, lihat daftar bahan yang dicetak tebal",a9e25b110ec49decf56a5a61e58e6614584d2e38b3554ea8b5d51cbc9f209877,28,0.9934284090995789,unsafe,1,1,1,GOLD_CORRECT_KB_CORRECT_MODEL_CORRECT
dailymeal nasi jagung,"Tepung Jagung (65,8%), Singkong (31,2%), Air, Minyak Kelapa Sawit, Pengemulsi (Fosfat, Nabati)",safe,safe,dailymeal nasi jagung,dailymeal nasi jagung,0,safe,0,0.0,,,,dailymeal nasi jagung,"tepung jagung (65,8%), singkong (31,2%), air, minyak kelapa sawit, pengemulsi (fosfat, nabati)",7c2513047b85adcb22ac792b53b80bf1040076cc629e8a4ebf10589265f54cde,52,0.0284721776843071,safe,0,0,0,GOLD_CORRECT_KB_CORRECT_MODEL_CORRECT
dailymeal nasi singkong,"Singkong (64.92%). Tepung Jagung, Tepung Maizena. Minyak Kelapa Sawit, Air, Pengemulsi",safe,safe,dailymeal nasi singkong,dailymeal nasi singkong,0,safe,0,0.0,,,,dailymeal nasi singkong,"singkong (64.92%). tepung jagung, tepung maizena. minyak kelapa sawit, air, pengemulsi",7fc986f87e39434a9ffdea585ef3126b960bca74730f80a1359da42d469df8c2,53,0.05179972946643829,safe,0,0,0,GOLD_CORRECT_KB_CORRECT_MODEL_CORRECT
dark chocolate cookies,"Tepung Gandum Utuh, Tepung Beras Putih, Coklat Cair, Coklat Bubuk, Krimer Nabati, Gula, Lemak Coklat,
dan Garam.",safe,safe,dark chocolate cookies,dark chocolate cookies,0,unsafe,1,1.0,Gluten,tepung gandum,exact/synonym,dark chocolate cookies,"tepung gandum utuh, tepung beras putih, coklat cair, coklat bubuk, krimer nabati, gula, lemak coklat, dan garam.",10cc27d7116225ab02440b5728aaee63a87e03152ce1e0930be7bacb7745b4c5,54,0.9628791809082031,unsafe,0,1,1,KB_FALSE_POSITIVE_MODEL_FALSE_POSITIVE
fukumi beras porang,"Tepung porang (48%), tepung beras, air",safe,safe,fukumi beras porang,fukumi beras porang,0,safe,0,0.0,,,,fukumi beras porang,"tepung porang (48%), tepung beras, air",d3e14429a866c5eabb5cad604df303494cb41f03ad8c58686784b94f484b66a1,66,0.5094489455223083,unsafe,0,0,1,KB_CORRECT_MODEL_FALSE_POSITIVE
kemplang ikan koin,"Ikan Tenggiri, Sagu, Garam, Minyak Nabati",safe,safe,kemplang ikan koin,kemplang ikan koin,0,unsafe,1,1.0,Fish,ikan,exact/synonym,kemplang ikan koin,"ikan tenggiri, sagu, garam, minyak nabati",2711ed8849c7bfd15fe9d5fbc2b60c9790426347c54b401fa6000cc45eea1505,97,0.345802903175354,safe,0,1,0,KB_FALSE_POSITIVE_MODEL_CORRECT
kemplang udang,"Udang, Sagu, Garam, Minyak Nabati",safe,safe,kemplang udang,kemplang udang,0,unsafe,1,1.0,Crustacean,udang,exact/synonym,kemplang udang,"udang, sagu, garam, minyak nabati",e7d7f50e095010be145db8087747a197b88fc80ad62b1c8715d9ce1b83e6a4fb,98,0.5880041122436523,unsafe,0,1,1,KB_FALSE_POSITIVE_MODEL_FALSE_POSITIVE
kentang home,"Kentang, Minyak Kelapa Sawit (Mengandung Antioksidan Tokoferol), Dekstrosa",safe,safe,kentang home,kentang home,0,safe,0,0.0,,,,kentang home,"kentang, minyak kelapa sawit (mengandung antioksidan tokoferol), dekstrosa",dc3913126a49de8f045cfbf16b8c214ba830183def0dbe14ecad80e375287d21,99,0.7046682834625244,unsafe,0,0,1,KB_CORRECT_MODEL_FALSE_POSITIVE
keripik singkong karuhun,"keripik singkong pilihan, daun jeruk, garam, cabai, minyak goreng, rempah, bawang putih.",safe,safe,keripik singkong karuhun,keripik singkong karuhun,0,safe,0,0.0,,,,keripik singkong karuhun,"keripik singkong pilihan, daun jeruk, garam, cabai, minyak goreng, rempah, bawang putih.",db8a318f6bd94b860241c23c8aa2f1b8a1b612279f6a1da401d5b684cf1d417f,100,0.03698377683758736,safe,0,0,0,GOLD_CORRECT_KB_CORRECT_MODEL_CORRECT
keripik ubi ungu,"Singkong Pilihan, Minyak Nabati, Garam, Gula Pasir",safe,safe,keripik ubi ungu,keripik ubi ungu,0,safe,0,0.0,,,,keripik ubi ungu,"singkong pilihan, minyak nabati, garam, gula pasir",0019c079a9ab4449c39cea768d2cb45482554f162d8d5b255c811c961f9ed203,103,0.12369266152381897,safe,0,0,0,GOLD_CORRECT_KB_CORRECT_MODEL_CORRECT
kerupuk balado pedas,"Ikan Tenggiri, Sagu, Garam, Minyak Nabati, Cabe Merah, Bawang Merah",safe,safe,kerupuk balado pedas,kerupuk balado pedas,0,unsafe,1,1.0,Fish,ikan,exact/synonym,kerupuk balado pedas,"ikan tenggiri, sagu, garam, minyak nabati, cabe merah, bawang merah",5094306ddce619454bbafd3ebd6473d9b12d76030f1870630677ea83aefa497e,104,0.16609923541545868,safe,0,1,0,KB_FALSE_POSITIVE_MODEL_CORRECT
kerupuk pilus,"Ikan Tenggiri, Sagu Garam, Minyak Goreng.",safe,safe,kerupuk pilus,kerupuk pilus,0,unsafe,1,1.0,Fish,ikan,exact/synonym,kerupuk pilus,"ikan tenggiri, sagu garam, minyak goreng.",4256f6ef97697d1eea0a59cd0f83c56cb1561a94624a0776bf065acce8a99d24,107,0.19828654825687408,safe,0,1,0,KB_FALSE_POSITIVE_MODEL_CORRECT
kingsfisher kornet tuna,"Ikan Tuna/Tuna Fish (70%), Air/Water,
Kaldu Nabati/Vegetable Broth, Garam/Salt (0.7%), Penguat Rasa (Mononatrium Glutamat) / Flavor Enhancer (Monosodium Glutamate),",safe,safe,kingsfisher kornet tuna,kingsfisher kornet tuna,0,unsafe,1,1.0,Fish,fish,exact/synonym,kingsfisher kornet tuna,"ikan tuna/tuna fish (70%), air/water, kaldu nabati/vegetable broth, garam/salt (0.7%), penguat rasa (mononatrium glutamat) / flavor enhancer (monosodium glutamate),",b2cd466f47845a8a269fb8050b6884c19097f40ca2743694c441ad944b8c3ec8,111,0.019921600818634033,safe,0,1,0,KB_FALSE_POSITIVE_MODEL_CORRECT
mayonais,"Minyak Kedelai (Mengandung Antioksidan Askorbil Palmitat), Air, Kuning Telur Gula (Mengandung Pengawet Sulfit), Garam, Pengatur Keasaman (Asam Asetat dan Asam Laktat), Penguat Rasa Mononatrium Glutamat, Pengental Gom Xanthan, Minyak Mustard, Sekuestran Kalsium Dinatrium EDTA, Perisa Alami Paprika.",safe,safe,mayonais,mayonais,0,unsafe,1,1.0,Egg;Soy,telur;kedelai,exact/synonym;exact/synonym,mayonais,"minyak kedelai (mengandung antioksidan askorbil palmitat), air, kuning telur gula (mengandung pengawet sulfit), garam, pengatur keasaman (asam asetat dan asam laktat), penguat rasa mononatrium glutamat, pengental gom xanthan, minyak mustard, sekuestran kalsium dinatrium edta, perisa alami paprika.",e1037d25cec45c7f0b6bf984453f6ffce34d08f5700a46ee6d1561548fd1c974,158,0.6582761406898499,unsafe,0,1,1,KB_FALSE_POSITIVE_MODEL_FALSE_POSITIVE
my jelly,"Air, Gula (19.5%), Nata De Coco (7.14%), Jeli Bubuk, Pengatur Keasaman (Asam sitrat), Perisa Sintetik (Stroberi, Lea, Melon), Tepung Konyaku, Pewarna Sintetik (Tartrazin CI 19140, Merah Allura CI 16035, Biru berlian FCF CI 42090). Tanpa Pengawet dan Tanpa Pemanis Buatan. Diproduksi menggunakan peralatan yang juga memproses susu.",safe,safe,my jelly,my jelly,0,unsafe,1,1.0,Dairy,susu,exact/synonym,my jelly,"air, gula (19.5%), nata de coco (7.14%), jeli bubuk, pengatur keasaman (asam sitrat), perisa sintetik (stroberi, lea, melon), tepung konyaku, pewarna sintetik (tartrazin ci 19140, merah allura ci 16035, biru berlian fcf ci 42090). tanpa pengawet dan tanpa pemanis buatan. diproduksi menggunakan peralatan yang juga memproses susu.",8ced3776662683cf9016635ac87f7d33748ccc20be559ea1e62b5730d2d2c755,180,0.004558238200843334,safe,0,1,0,KB_FALSE_POSITIVE_MODEL_CORRECT
nata de coco,"Sari Kelapa (50%), Air, Gula, Perisa
Sintetik Cocopandan, Pengatur Keasaman (Asam Sitrat), Pengawet Natrium Benzoat, Madu (0.01 %).
Tanpa Pemanis Buatan.",safe,safe,nata de coco,nata de coco,0,safe,0,0.0,,,,nata de coco,"sari kelapa (50%), air, gula, perisa sintetik cocopandan, pengatur keasaman (asam sitrat), pengawet natrium benzoat, madu (0.01 %). tanpa pemanis buatan.",24f4a9a4d908e727725370ad050a0b8e042be020e5fba6c5fcc689a0e2f606b7,182,0.005608057603240013,safe,0,0,0,GOLD_CORRECT_KB_CORRECT_MODEL_CORRECT
poco loco salted tortilla chips,"Jagung, Minyak Nabati, Garam(1%)",safe,safe,poco loco salted tortilla chips,poco loco salted tortilla chips,0,safe,0,0.0,,,,poco loco salted tortilla chips,"jagung, minyak nabati, garam(1%)",292a5f83da816c4ee5d9edc26cd524070e13890cb6d1b49f99e7b7629ddd50d3,218,0.40945225954055786,safe,0,0,0,GOLD_CORRECT_KB_CORRECT_MODEL_CORRECT
qtela singkong ori,"Singkong (63.5%), Minyak Olein Kelapa Sawit, Bumbu (mengandung Gula, Penguat Rasa Mononatrium Glutamat, Bubuk Bawang Putih, Bubuk Bawang Bombay, Penguat Rasa Dinatrium Guanilat dan Dinatrium Inosinat), Garam (0.63%).",safe,safe,qtela singkong ori,qtela singkong ori,0,safe,0,0.0,,,,qtela singkong ori,"singkong (63.5%), minyak olein kelapa sawit, bumbu (mengandung gula, penguat rasa mononatrium glutamat, bubuk bawang putih, bubuk bawang bombay, penguat rasa dinatrium guanilat dan dinatrium inosinat), garam (0.63%).",1e646bcac9889fdd119d53a10ba5d6fecd4221c26001fcf2d9c3c3647f94dff6,226,0.20157180726528168,safe,0,0,0,GOLD_CORRECT_KB_CORRECT_MODEL_CORRECT
rumput laut mama suka,"Rumput Laut (47%), Minyak Jagung, Garam Gurih (5%) (mengandung Penguat Rasa Mononatrium Glutamat, Dinatrium Inosinat dan Guanilat), Minyak Zaitun (4%), Minyak Wijen.",safe,safe,rumput laut mama suka,rumput laut mama suka,0,unsafe,1,1.0,Sesame,wijen,exact/synonym,rumput laut mama suka,"rumput laut (47%), minyak jagung, garam gurih (5%) (mengandung penguat rasa mononatrium glutamat, dinatrium inosinat dan guanilat), minyak zaitun (4%), minyak wijen.",b129072f890f2467360c2752ab43901eb993947c9772c2d957622540f1391776,229,0.9925397634506226,unsafe,0,1,1,KB_FALSE_POSITIVE_MODEL_FALSE_POSITIVE
sardines abc ekstra pedas,"Ikan Sarden (51%), saus cabai (mengandung penguat rasa mononatrium glutamat) (41%), gula, bawang putih, bawang bombay, garam, cabai rawit (1%)",safe,safe,sardines abc ekstra pedas,sardines abc ekstra pedas,0,unsafe,1,1.0,Fish,sarden,exact/synonym,sardines abc ekstra pedas,"ikan sarden (51%), saus cabai (mengandung penguat rasa mononatrium glutamat) (41%), gula, bawang putih, bawang bombay, garam, cabai rawit (1%)",5f613ea5b4a117e9f0afe23db23f38e88f258365182641df89d5538f18fdcc61,230,0.1817900687456131,safe,0,1,0,KB_FALSE_POSITIVE_MODEL_CORRECT
Bakso sapi Karawaci,"Kandungan: Daging sapi (70%), es batu, tepung tapioka (mengandung pengawet sulfit), garam, penyedap rasa mononatrium glutamat, merica putih, bawang putih, bahan penstabil fosfat, pengawet kalium sorbat.",safe,safe,bakso sapi karawaci,bakso sapi karawaci,0,unsafe,1,0.95,,,,bakso sapi karawaci,"kandungan: daging sapi (70%), es batu, tepung tapioka (mengandung pengawet sulfit), garam, penyedap rasa mononatrium glutamat, merica putih, bawang putih, bahan penstabil fosfat, pengawet kalium sorbat.",803851f0536e9a122a70c09efda98213a82a468d22475854527c0552626a80e0,5,0.0054312460124492645,safe,0,1,0,KB_FALSE_POSITIVE_MODEL_CORRECT
Bakso Sapi Karawaci,"Bahan-bahan: Olahan daging sapi (70%), air beku, pati singkong (dengan tambahan pengawet sulfit), garam dapur, penambah cita rasa mononatrium glutamat, bubuk lada putih, umbi bawang putih, zat penstabil fosfat, bahan pengawet kalium sorbat.",safe,safe,bakso sapi karawaci,bakso sapi karawaci,0,unsafe,1,0.95,,,,bakso sapi karawaci,"bahan-bahan: olahan daging sapi (70%), air beku, pati singkong (dengan tambahan pengawet sulfit), garam dapur, penambah cita rasa mononatrium glutamat, bubuk lada putih, umbi bawang putih, zat penstabil fosfat, bahan pengawet kalium sorbat.",41bba17f39e86c8e0f6b1a23ef5ab8cf43d46fe0aabf1e19c3ca1d9382e165bf,5,0.003946220502257347,safe,0,1,0,KB_FALSE_POSITIVE_MODEL_CORRECT
